Ruta;Nombre;Extension;LoTengo;Editorial;EstadoARG;EstadoJPN;UltimoTomoARG;UltimoTomoJPN;Siguiendo;FechaCompra;Precio;Name
Mangas/AnimeMind/;Animemind01;.jpg;Si;Temas de Hoy;Terminada;Nose;3;N/N;No;;;Si
Mangas/AnimeMind/;Animemind02;.jpg;Si;Martinez Roca;Terminada;Nose;3;N/N;No;;;Si
Mangas/AnimeMind/;Animemind03;.jpg;Si;Martinez Roca;Terminada;Nose;3;N/N;No;;;Si
Mangas/Another/;Another00;.jpg;Si;Ivrea;Terminada;Terminada;5;5;No;;;Si
Mangas/Another/;Another01;.jpg;Si;Ivrea;Terminada;Terminada;5;5;No;;;Si
Mangas/Another/;Another02;.jpg;Si;Ivrea;Terminada;Terminada;5;5;No;;;Si
Mangas/Another/;Another03;.jpg;Si;Ivrea;Terminada;Terminada;5;5;No;;;Si
Mangas/Another/;Another04;.jpg;Si;Ivrea;Terminada;Terminada;5;5;No;;;Si
Mangas/AstroBoy/;AstroBoy01;.jpg;Si;DeuxManga;Cancelada;Terminada;5;23;No;;;Si
Mangas/AstroBoy/;AstroBoy02;.jpg;Si;DeuxManga;Cancelada;Terminada;5;23;No;;;Si
Mangas/AstroBoy/;AstroBoy03;.jpg;Si;DeuxManga;Cancelada;Terminada;5;23;No;;;Si
Mangas/AstroBoy/;AstroBoy04;.jpg;Si;DeuxManga;Cancelada;Terminada;5;23;No;;;Si
Mangas/AstroBoy/;AstroBoy05;.jpg;Si;Larp;Cancelada;Terminada;5;23;No;;;Si
Mangas/Bakuman/;Bakuman01;.jpg;Si;Ivrea;Terminada;Terminada;20;20;No;;;Si
Mangas/Bakuman/;Bakuman02;.jpg;Si;Ivrea;Terminada;Terminada;20;20;No;;;Si
Mangas/Bakuman/;Bakuman03;.jpg;Si;Ivrea;Terminada;Terminada;20;20;No;;;Si
Mangas/Bakuman/;Bakuman04;.jpg;No;Ivrea;Terminada;Terminada;20;20;No;;;Si
Mangas/Bakuman/;Bakuman05;.jpg;No;Ivrea;Terminada;Terminada;20;20;No;;;Si
Mangas/Bakuman/;Bakuman06;.jpg;No;Ivrea;Terminada;Terminada;20;20;No;;;Si
Mangas/Bakuman/;Bakuman07;.jpg;No;Ivrea;Terminada;Terminada;20;20;No;;;Si
Mangas/Bakuman/;Bakuman08;.jpg;No;Ivrea;Terminada;Terminada;20;20;No;;;Si
Mangas/Bakuman/;Bakuman09;.jpg;No;Ivrea;Terminada;Terminada;20;20;No;;;Si
Mangas/Bakuman/;Bakuman10;.jpg;No;Ivrea;Terminada;Terminada;20;20;No;;;Si
Mangas/Bakuman/;Bakuman11;.jpg;No;Ivrea;Terminada;Terminada;20;20;No;;;Si
Mangas/Bakuman/;Bakuman12;.jpg;No;Ivrea;Terminada;Terminada;20;20;No;;;Si
Mangas/Bakuman/;Bakuman13;.jpg;No;Ivrea;Terminada;Terminada;20;20;No;;;Si
Mangas/Bakuman/;Bakuman14;.jpg;No;Ivrea;Terminada;Terminada;20;20;No;;;Si
Mangas/Bakuman/;Bakuman15;.jpg;No;Ivrea;Terminada;Terminada;20;20;No;;;Si
Mangas/Bakuman/;Bakuman16;.jpg;No;Ivrea;Terminada;Terminada;20;20;No;;;Si
Mangas/Bakuman/;Bakuman17;.jpg;No;Ivrea;Terminada;Terminada;20;20;No;;;Si
Mangas/Bakuman/;Bakuman18;.jpg;No;Ivrea;Terminada;Terminada;20;20;No;;;Si
Mangas/Bakuman/;Bakuman19;.jpg;No;Ivrea;Terminada;Terminada;20;20;No;;;Si
Mangas/Bakuman/;Bakuman20;.jpg;No;Ivrea;Terminada;Terminada;20;20;No;;;Si
Mangas/BlueExorcist/;BlueExorcist01;.jpg;Si;Ivrea;En curso;En curso;29;30;No;;;Si
Mangas/BlueExorcist/;BlueExorcist02;.jpg;Si;Ivrea;En curso;En curso;29;30;No;;;Si
Mangas/BlueExorcist/;BlueExorcist03;.jpg;Si;Ivrea;En curso;En curso;29;30;No;;;Si
Mangas/BlueExorcist/;BlueExorcist04;.jpg;Si;Ivrea;En curso;En curso;29;30;No;;;Si
Mangas/BlueExorcist/;BlueExorcist05;.jpg;Si;Ivrea;En curso;En curso;29;30;No;;;Si
Mangas/BlueExorcist/;BlueExorcist06;.jpg;Si;Ivrea;En curso;En curso;29;30;No;;;Si
Mangas/BlueExorcist/;BlueExorcist07;.jpg;Si;Ivrea;En curso;En curso;29;30;No;;;Si
Mangas/BlueExorcist/;BlueExorcist08;.jpg;Si;Ivrea;En curso;En curso;29;30;No;;;Si
Mangas/BlueExorcist/;BlueExorcist09;.jpg;Si;Ivrea;En curso;En curso;29;30;No;;;Si
Mangas/BlueExorcist/;BlueExorcist10;.jpg;Si;Ivrea;En curso;En curso;29;30;No;;;Si
Mangas/BlueExorcist/;BlueExorcist11;.jpg;Si;Ivrea;En curso;En curso;29;30;No;;;Si
Mangas/BlueExorcist/;BlueExorcist12;.jpg;Si;Ivrea;En curso;En curso;29;30;No;;;Si
Mangas/BlueExorcist/;BlueExorcist13;.jpg;Si;Ivrea;En curso;En curso;29;30;No;;;Si
Mangas/BlueExorcist/;BlueExorcist14;.jpg;Si;Ivrea;En curso;En curso;29;30;No;;;Si
Mangas/BlueExorcist/;BlueExorcist15;.jpg;Si;Ivrea;En curso;En curso;29;30;No;;;Si
Mangas/BlueExorcist/;BlueExorcist16;.jpg;Si;Ivrea;En curso;En curso;29;30;No;;;Si
Mangas/BlueExorcist/;BlueExorcist17;.jpg;Si;Ivrea;En curso;En curso;29;30;No;;;Si
Mangas/BlueExorcist/;BlueExorcist18;.jpg;No;Ivrea;En curso;En curso;29;30;No;;;Si
Mangas/BlueExorcist/;BlueExorcist19;.jpg;No;Ivrea;En curso;En curso;29;30;No;;;Si
Mangas/BlueExorcist/;BlueExorcist20;.jpg;Si;Ivrea;En curso;En curso;29;30;No;;;Si
Mangas/BlueExorcist/;BlueExorcist21;.jpg;Si;Ivrea;En curso;En curso;29;30;No;;;Si
Mangas/BlueExorcist/;BlueExorcist22;.jpg;No;Ivrea;En curso;En curso;29;30;No;;;Si
Mangas/BlueExorcist/;BlueExorcist23;.jpg;No;Ivrea;En curso;En curso;29;30;No;;;Si
Mangas/BlueExorcist/;BlueExorcist24;.jpg;Si;Ivrea;En curso;En curso;29;30;No;;;Si
Mangas/BlueExorcist/;BlueExorcist25;.jpg;Si;Ivrea;En curso;En curso;29;30;No;;;Si
Mangas/BlueExorcist/;BlueExorcist26;.jpg;Si;Ivrea;En curso;En curso;29;30;No;;;Si
Mangas/BlueExorcist/;BlueExorcist27;.jpg;No;Ivrea;En curso;En curso;29;30;No;;;Si
Mangas/BlueExorcist/;BlueExorcist28;.jpg;No;Ivrea;En curso;En curso;29;30;No;;;Si
Mangas/BlueExorcist/;BlueExorcist29;.jpg;No;Ivrea;En curso;En curso;29;30;No;;;Si
Mangas/ChainsawMan/;ChainsawMan01;.jpg;Si;Ivrea;En curso;En curso;17;17;Si;;;Si
Mangas/ChainsawMan/;ChainsawMan02;.jpg;Si;Ivrea;En curso;En curso;17;17;Si;;;Si
Mangas/ChainsawMan/;ChainsawMan03;.jpg;Si;Ivrea;En curso;En curso;17;17;Si;;;Si
Mangas/ChainsawMan/;ChainsawMan04;.jpg;Si;Ivrea;En curso;En curso;17;17;Si;;;Si
Mangas/ChainsawMan/;ChainsawMan05;.jpg;Si;Ivrea;En curso;En curso;17;17;Si;;;Si
Mangas/ChainsawMan/;ChainsawMan06;.jpg;Si;Ivrea;En curso;En curso;17;17;Si;;;Si
Mangas/ChainsawMan/;ChainsawMan07;.jpg;Si;Ivrea;En curso;En curso;17;17;Si;;;Si
Mangas/ChainsawMan/;ChainsawMan08;.jpg;Si;Ivrea;En curso;En curso;17;17;Si;;;Si
Mangas/ChainsawMan/;ChainsawMan09;.jpg;Si;Ivrea;En curso;En curso;17;17;Si;;;Si
Mangas/ChainsawMan/;ChainsawMan10;.jpg;Si;Ivrea;En curso;En curso;17;17;Si;;;Si
Mangas/ChainsawMan/;ChainsawMan11;.jpg;Si;Ivrea;En curso;En curso;17;17;Si;;;Si
Mangas/ChainsawMan/;ChainsawMan12;.jpg;Si;Ivrea;En curso;En curso;17;17;Si;;;Si
Mangas/ChainsawMan/;ChainsawMan13;.jpg;Si;Ivrea;En curso;En curso;17;17;Si;;;Si
Mangas/ChainsawMan/;ChainsawMan14;.jpg;No;Ivrea;En curso;En curso;17;17;Si;;;Si
Mangas/alternativas/;ChainsawMan14_alt;.jpg;Si;Ivrea;En curso;En curso;17;17;No;;;No
Mangas/ChainsawMan/;ChainsawMan14_alt;.jpg;Si;Ivrea;En curso;En curso;17;17;No;;;No
Mangas/ChainsawMan/;ChainsawMan15;.jpg;Si;Ivrea;En curso;En curso;17;17;Si;;;Si
Mangas/ChainsawMan/;ChainsawMan16;.jpg;No;Ivrea;En curso;En curso;17;17;Si;;;Si
Mangas/ChainsawMan/;ChainsawMan17;.jpg;No;Ivrea;En curso;En curso;17;17;Si;;;Si
Mangas/ChainsawMan/;ChainsawManBuddyNovel;.jpg;Si;Ivrea;TomoUnico;TomoUnico;1;1;No;17/05/2024;8000ARS;No
Mangas/DGrayMan/;D.Gray-Man01;.jpg;Si;Ivrea;En curso;En curso;28;28;No;;;Si
Mangas/DGrayMan/;D.Gray-Man02;.jpg;Si;Ivrea;En curso;En curso;28;28;No;;;Si
Mangas/DGrayMan/;D.Gray-Man03;.jpg;Si;Ivrea;En curso;En curso;28;28;No;;;Si
Mangas/DGrayMan/;D.Gray-Man04;.jpg;Si;Ivrea;En curso;En curso;28;28;No;;;Si
Mangas/DGrayMan/;D.Gray-Man05;.jpg;Si;Ivrea;En curso;En curso;28;28;No;;;Si
Mangas/DGrayMan/;D.Gray-Man06;.jpg;Si;Ivrea;En curso;En curso;28;28;No;;;Si
Mangas/DGrayMan/;D.Gray-Man07;.jpg;Si;Ivrea;En curso;En curso;28;28;No;;;Si
Mangas/DGrayMan/;D.Gray-Man08;.jpg;Si;Ivrea;En curso;En curso;28;28;No;;;Si
Mangas/DGrayMan/;D.Gray-Man09;.jpg;Si;Ivrea;En curso;En curso;28;28;No;;;Si
Mangas/DGrayMan/;D.Gray-Man10;.jpg;Si;Ivrea;En curso;En curso;28;28;No;;;Si
Mangas/DGrayMan/;D.Gray-Man11;.jpg;No;Ivrea;En curso;En curso;28;28;No;;;Si
Mangas/DGrayMan/;D.Gray-Man12;.jpg;No;Ivrea;En curso;En curso;28;28;No;;;Si
Mangas/DGrayMan/;D.Gray-Man13;.jpg;No;Ivrea;En curso;En curso;28;28;No;;;Si
Mangas/DGrayMan/;D.Gray-Man14;.jpg;No;Ivrea;En curso;En curso;28;28;No;;;Si
Mangas/DGrayMan/;D.Gray-Man15;.jpg;No;Ivrea;En curso;En curso;28;28;No;;;Si
Mangas/DGrayMan/;D.Gray-Man16;.jpg;No;Ivrea;En curso;En curso;28;28;No;;;Si
Mangas/DGrayMan/;D.Gray-Man17;.jpg;No;Ivrea;En curso;En curso;28;28;No;;;Si
Mangas/DGrayMan/;D.Gray-Man18;.jpg;No;Ivrea;En curso;En curso;28;28;No;;;Si
Mangas/DGrayMan/;D.Gray-Man19;.jpg;No;Ivrea;En curso;En curso;28;28;No;;;Si
Mangas/DGrayMan/;D.Gray-Man20;.jpg;No;Ivrea;En curso;En curso;28;28;No;;;Si
Mangas/DGrayMan/;D.Gray-Man21;.jpg;No;Ivrea;En curso;En curso;28;28;No;;;Si
Mangas/DGrayMan/;D.Gray-Man22;.jpg;No;Ivrea;En curso;En curso;28;28;No;;;Si
Mangas/DGrayMan/;D.Gray-Man23;.jpg;No;Ivrea;En curso;En curso;28;28;No;;;Si
Mangas/DGrayMan/;D.Gray-Man24;.jpg;No;Ivrea;En curso;En curso;28;28;No;;;Si
Mangas/DGrayMan/;D.Gray-Man25;.jpg;No;Ivrea;En curso;En curso;28;28;No;;;Si
Mangas/DGrayMan/;D.Gray-Man26;.jpg;No;Ivrea;En curso;En curso;28;28;No;;;Si
Mangas/DGrayMan/;D.Gray-Man27;.jpg;No;Ivrea;En curso;En curso;28;28;No;;;Si
Mangas/DGrayMan/;D.Gray-Man28;.jpg;No;Ivrea;En curso;En curso;28;28;No;;;Si
Mangas/DNAngel/;D.N.Angel01;.jpg;Si;Ivrea;Descatalogada;Terminada;15;20;No;;;Si
Mangas/DNAngel/;D.N.Angel02;.jpg;Si;Ivrea;Descatalogada;Terminada;15;20;No;;;Si
Mangas/DNAngel/;D.N.Angel03;.jpg;Si;Ivrea;Descatalogada;Terminada;15;20;No;;;Si
Mangas/DNAngel/;D.N.Angel04;.jpg;Si;Ivrea;Descatalogada;Terminada;15;20;No;;;Si
Mangas/DNAngel/;D.N.Angel05;.jpg;Si;Ivrea;Descatalogada;Terminada;15;20;No;;;Si
Mangas/DNAngel/;D.N.Angel06;.jpg;Si;Ivrea;Descatalogada;Terminada;15;20;No;;;Si
Mangas/DNAngel/;D.N.Angel07;.jpg;Si;Ivrea;Descatalogada;Terminada;15;20;No;;;Si
Mangas/DNAngel/;D.N.Angel08;.jpg;Si;Ivrea;Descatalogada;Terminada;15;20;No;;;Si
Mangas/DNAngel/;D.N.Angel09;.jpg;Si;Ivrea;Descatalogada;Terminada;15;20;No;;;Si
Mangas/DNAngel/;D.N.Angel10;.jpg;Si;Ivrea;Descatalogada;Terminada;15;20;No;;;Si
Mangas/DNAngel/;D.N.Angel11;.jpg;Si;Ivrea;Descatalogada;Terminada;15;20;No;;;Si
Mangas/DNAngel/;D.N.Angel12;.jpg;Si;Ivrea;Descatalogada;Terminada;15;20;No;;;Si
Mangas/DNAngel/;D.N.Angel13;.jpg;Si;Ivrea;Descatalogada;Terminada;15;20;No;;;Si
Mangas/DNAngel/;D.N.Angel14;.jpg;Si;Ivrea;Descatalogada;Terminada;15;20;No;;;Si
Mangas/DNAngel/;D.N.Angel15;.jpg;No;Ivrea;Descatalogada;Terminada;15;20;No;;;Si
Mangas/DeadmanWonderland/;DeadmanWonderland01;.jpg;Si;Ivrea;Terminada;Terminada;13;13;No;;;Si
Mangas/DeadmanWonderland/;DeadmanWonderland02;.jpg;Si;Ivrea;Terminada;Terminada;13;13;No;;;Si
Mangas/DeadmanWonderland/;DeadmanWonderland03;.jpg;Si;Ivrea;Terminada;Terminada;13;13;No;;;Si
Mangas/DeadmanWonderland/;DeadmanWonderland04;.jpg;Si;Ivrea;Terminada;Terminada;13;13;No;;;Si
Mangas/DeadmanWonderland/;DeadmanWonderland05;.jpg;Si;Ivrea;Terminada;Terminada;13;13;No;;;Si
Mangas/DeadmanWonderland/;DeadmanWonderland06;.jpg;Si;Ivrea;Terminada;Terminada;13;13;No;;;Si
Mangas/DeadmanWonderland/;DeadmanWonderland07;.jpg;Si;Ivrea;Terminada;Terminada;13;13;No;;;Si
Mangas/DeadmanWonderland/;DeadmanWonderland08;.jpg;Si;Ivrea;Terminada;Terminada;13;13;No;;;Si
Mangas/DeadmanWonderland/;DeadmanWonderland09;.jpg;Si;Ivrea;Terminada;Terminada;13;13;No;;;Si
Mangas/DeadmanWonderland/;DeadmanWonderland10;.jpg;Si;Ivrea;Terminada;Terminada;13;13;No;;;Si
Mangas/DeadmanWonderland/;DeadmanWonderland11;.jpg;No;Ivrea;Terminada;Terminada;13;13;No;;;Si
Mangas/DeadmanWonderland/;DeadmanWonderland12;.jpg;No;Ivrea;Terminada;Terminada;13;13;No;;;Si
Mangas/DeadmanWonderland/;DeadmanWonderland13;.jpg;No;Ivrea;Terminada;Terminada;13;13;No;;;Si
Mangas/DeathNote/;DeathNote01;.jpg;No;Larp;Terminada;Terminada;13;13;No;;;Si
Mangas/DeathNote/;DeathNote02;.jpg;Si;Larp;Terminada;Terminada;13;13;No;;;Si
Mangas/DeathNote/;DeathNote03;.jpg;Si;Larp;Terminada;Terminada;13;13;No;;;Si
Mangas/DeathNote/;DeathNote04;.jpg;No;Larp;Terminada;Terminada;13;13;No;;;Si
Mangas/DeathNote/;DeathNote05;.jpg;No;Larp;Terminada;Terminada;13;13;No;;;Si
Mangas/DeathNote/;DeathNote06;.jpg;No;Larp;Terminada;Terminada;13;13;No;;;Si
Mangas/DeathNote/;DeathNote07;.jpg;No;Larp;Terminada;Terminada;13;13;No;;;Si
Mangas/DeathNote/;DeathNote08;.jpg;No;Larp;Terminada;Terminada;13;13;No;;;Si
Mangas/DeathNote/;DeathNote09;.jpg;No;Larp;Terminada;Terminada;13;13;No;;;Si
Mangas/DeathNote/;DeathNote10;.jpg;No;Larp;Terminada;Terminada;13;13;No;;;Si
Mangas/DeathNote/;DeathNote11;.jpg;No;Larp;Terminada;Terminada;13;13;No;;;Si
Mangas/DeathNote/;DeathNote12;.jpg;No;Larp;Terminada;Terminada;13;13;No;;;Si
Mangas/DeathNote/;DeathNote13;.jpg;No;Larp;Terminada;Terminada;13;13;No;;;Si
Mangas/Erased/;Erased01;.jpg;Si;Ivrea;Terminada;Terminada;8;8;Si;;;Si
Mangas/Erased/;Erased02;.jpg;Si;Ivrea;Terminada;Terminada;8;8;Si;;;Si
Mangas/Erased/;Erased03;.jpg;Si;Ivrea;Terminada;Terminada;8;8;Si;;;Si
Mangas/Erased/;Erased04;.jpg;Si;Ivrea;Terminada;Terminada;8;8;Si;;;Si
Mangas/Erased/;Erased05;.jpg;Si;Ivrea;Terminada;Terminada;8;8;Si;;;Si
Mangas/Erased/;Erased06;.jpg;No;Ivrea;Terminada;Terminada;8;8;Si;;;Si
Mangas/Erased/;Erased07;.jpg;No;Ivrea;Terminada;Terminada;8;8;Si;;;Si
Mangas/Erased/;Erased08;.jpg;No;Ivrea;Terminada;Terminada;8;8;Si;;;Si
Mangas/Erased/;ErasedRe;.jpg;No;Ivrea;TomoUnico;TomoUnico;1;1;No;;;No
Mangas/EraseUnaVezNosotros/;EraseUnaVezNosotros01;.jpg;Si;Ivrea;Terminada;Terminada;16;16;No;;;Si
Mangas/EraseUnaVezNosotros/;EraseUnaVezNosotros02;.jpg;Si;Ivrea;Terminada;Terminada;16;16;No;;;Si
Mangas/EraseUnaVezNosotros/;EraseUnaVezNosotros03;.jpg;Si;Ivrea;Terminada;Terminada;16;16;No;;;Si
Mangas/EraseUnaVezNosotros/;EraseUnaVezNosotros04;.jpg;Si;Ivrea;Terminada;Terminada;16;16;No;;;Si
Mangas/EraseUnaVezNosotros/;EraseUnaVezNosotros05;.jpg;Si;Ivrea;Terminada;Terminada;16;16;No;;;Si
Mangas/EraseUnaVezNosotros/;EraseUnaVezNosotros06;.jpg;Si;Ivrea;Terminada;Terminada;16;16;No;;;Si
Mangas/EraseUnaVezNosotros/;EraseUnaVezNosotros07;.jpg;Si;Ivrea;Terminada;Terminada;16;16;No;;;Si
Mangas/EraseUnaVezNosotros/;EraseUnaVezNosotros08;.jpg;Si;Ivrea;Terminada;Terminada;16;16;No;;;Si
Mangas/EraseUnaVezNosotros/;EraseUnaVezNosotros09;.jpg;Si;Ivrea;Terminada;Terminada;16;16;No;;;Si
Mangas/EraseUnaVezNosotros/;EraseUnaVezNosotros10;.jpg;Si;Ivrea;Terminada;Terminada;16;16;No;;;Si
Mangas/EraseUnaVezNosotros/;EraseUnaVezNosotros11;.jpg;Si;Ivrea;Terminada;Terminada;16;16;No;;;Si
Mangas/EraseUnaVezNosotros/;EraseUnaVezNosotros12;.jpg;Si;Ivrea;Terminada;Terminada;16;16;No;;;Si
Mangas/EraseUnaVezNosotros/;EraseUnaVezNosotros13;.jpg;Si;Ivrea;Terminada;Terminada;16;16;No;;;Si
Mangas/EraseUnaVezNosotros/;EraseUnaVezNosotros14;.jpg;Si;Ivrea;Terminada;Terminada;16;16;No;;;Si
Mangas/EraseUnaVezNosotros/;EraseUnaVezNosotros15;.jpg;Si;Ivrea;Terminada;Terminada;16;16;No;;;Si
Mangas/EraseUnaVezNosotros/;EraseUnaVezNosotros16;.jpg;Si;Ivrea;Terminada;Terminada;16;16;No;;;Si
Mangas/FirePunch/;FirePunch01;.jpg;Si;Ivrea;Terminada;Terminada;8;8;Si;;;Si
Mangas/FirePunch/;FirePunch02;.jpg;Si;Ivrea;Terminada;Terminada;8;8;Si;;;Si
Mangas/FirePunch/;FirePunch03;.jpg;Si;Ivrea;Terminada;Terminada;8;8;Si;;;Si
Mangas/FirePunch/;FirePunch04;.jpg;Si;Ivrea;Terminada;Terminada;8;8;Si;;;Si
Mangas/FirePunch/;FirePunch05;.jpg;Si;Ivrea;Terminada;Terminada;8;8;Si;;;Si
Mangas/FirePunch/;FirePunch06;.jpg;No;Ivrea;Terminada;Terminada;8;8;Si;;;Si
Mangas/FirePunch/;FirePunch07;.jpg;No;Ivrea;Terminada;Terminada;8;8;Si;;;Si
Mangas/FirePunch/;FirePunch08;.jpg;No;Ivrea;Terminada;Terminada;8;8;Si;;;Si
Mangas/Gintama/;Gintama01;.jpg;Si;Glenat;Descatalogada;Terminada;16;77;No;;;Si
Mangas/Gintama/;Gintama02;.jpg;No;Glenat;Descatalogada;Terminada;16;77;No;;;Si
Mangas/Gintama/;Gintama03;.jpg;No;Glenat;Descatalogada;Terminada;16;77;No;;;Si
Mangas/Gintama/;Gintama04;.jpg;No;Glenat;Descatalogada;Terminada;16;77;No;;;Si
Mangas/Gintama/;Gintama05;.jpg;No;Glenat;Descatalogada;Terminada;16;77;No;;;Si
Mangas/Gintama/;Gintama06;.jpg;No;Glenat;Descatalogada;Terminada;16;77;No;;;Si
Mangas/Gintama/;Gintama07;.jpg;No;Glenat;Descatalogada;Terminada;16;77;No;;;Si
Mangas/Gintama/;Gintama08;.jpg;No;Glenat;Descatalogada;Terminada;16;77;No;;;Si
Mangas/Gintama/;Gintama09;.jpg;No;Glenat;Descatalogada;Terminada;16;77;No;;;Si
Mangas/Gintama/;Gintama10;.jpg;No;Glenat;Descatalogada;Terminada;16;77;No;;;Si
Mangas/Gintama/;Gintama11;.jpg;No;Glenat;Descatalogada;Terminada;16;77;No;;;Si
Mangas/Gintama/;Gintama12;.jpg;No;Glenat;Descatalogada;Terminada;16;77;No;;;Si
Mangas/Gintama/;Gintama13;.jpg;No;Glenat;Descatalogada;Terminada;16;77;No;;;Si
Mangas/Gintama/;Gintama14;.jpg;No;Glenat;Descatalogada;Terminada;16;77;No;;;Si
Mangas/Gintama/;Gintama15;.jpg;No;Glenat;Descatalogada;Terminada;16;77;No;;;Si
Mangas/Gintama/;Gintama16;.jpg;No;Glenat;Descatalogada;Terminada;16;77;No;;;Si
Mangas/KillLaKill/;KillLaKill01;.jpg;Si;Ivrea;Terminada;Terminada;3;3;No;;;Si
Mangas/KillLaKill/;KillLaKill02;.jpg;Si;Ivrea;Terminada;Terminada;3;3;No;;;Si
Mangas/KillLaKill/;KillLaKill03;.jpg;Si;Ivrea;Terminada;Terminada;3;3;No;;;Si
Mangas/KingsGame/;KingsGame01;.jpg;No;Ivrea;Terminada;Terminada;5;5;No;;;Si
Mangas/KingsGame/;KingsGame02;.jpg;No;Ivrea;Terminada;Terminada;5;5;No;;;Si
Mangas/KingsGame/;KingsGame03;.jpg;No;Ivrea;Terminada;Terminada;5;5;No;;;Si
Mangas/KingsGame/;KingsGame04;.jpg;Si;Ivrea;Terminada;Terminada;5;5;No;;;Si
Mangas/KingsGame/;KingsGame05;.jpg;No;Ivrea;Terminada;Terminada;5;5;No;;;Si
Mangas/KoeNoKatachi/;KoeNoKatachi01;.jpg;Si;Ivrea;Terminada;Terminada;7;7;No;;;Si
Mangas/KoeNoKatachi/;KoeNoKatachi02;.jpg;Si;Ivrea;Terminada;Terminada;7;7;No;;;Si
Mangas/KoeNoKatachi/;KoeNoKatachi03;.jpg;Si;Ivrea;Terminada;Terminada;7;7;No;;;Si
Mangas/KoeNoKatachi/;KoeNoKatachi04;.jpg;Si;Ivrea;Terminada;Terminada;7;7;No;;;Si
Mangas/KoeNoKatachi/;KoeNoKatachi05;.jpg;Si;Ivrea;Terminada;Terminada;7;7;No;;;Si
Mangas/KoeNoKatachi/;KoeNoKatachi06;.jpg;Si;Ivrea;Terminada;Terminada;7;7;No;;;Si
Mangas/KoeNoKatachi/;KoeNoKatachi07;.jpg;Si;Ivrea;Terminada;Terminada;7;7;No;;;Si
Mangas/TomosUnicos/;LaChicaALaOrillaDelMar;.jpg;Si;Ivrea;TomoUnico;TomoUnico;1;1;No;;;No
Mangas/TomosUnicos/;LaCiudadDeLaLuz;.jpg;Si;Ivrea;TomoUnico;TomoUnico;1;1;No;;;No
Mangas/TomosUnicos/;LosDiosesMienten;.jpg;Si;Ivrea;TomoUnico;TomoUnico;1;1;No;;;No
Mangas/MaliciousCode/;MaliciousCode01;.jpg;Si;Ivrea;Terminada;Terminada;4;4;No;;;Si
Mangas/MaliciousCode/;MaliciousCode02;.jpg;Si;Ivrea;Terminada;Terminada;4;4;No;;;Si
Mangas/MaliciousCode/;MaliciousCode03;.jpg;Si;Ivrea;Terminada;Terminada;4;4;No;;;Si
Mangas/MaliciousCode/;MaliciousCode04;.jpg;Si;Ivrea;Terminada;Terminada;4;4;No;;;Si
Mangas/TomosUnicos/;MeDijisteParaSiempre;.jpg;Si;Ivrea;TomoUnico;TomoUnico;1;1;No;;;No
Mangas/Monster/;Monster01;.jpg;Si;Ivrea;Terminada;Terminada;9;9;Si;;;Si
Mangas/Monster/;Monster02;.jpg;Si;Ivrea;Terminada;Terminada;9;9;Si;;;Si
Mangas/Monster/;Monster03;.jpg;Si;Ivrea;Terminada;Terminada;9;9;Si;;;Si
Mangas/Monster/;Monster04;.jpg;No;Ivrea;Terminada;Terminada;9;9;Si;;;Si
Mangas/Monster/;Monster05;.jpg;Si;Ivrea;Terminada;Terminada;9;9;Si;;;Si
Mangas/Monster/;Monster06;.jpg;No;Ivrea;Terminada;Terminada;9;9;Si;;;Si
Mangas/Monster/;Monster07;.jpg;No;Ivrea;Terminada;Terminada;9;9;Si;;;Si
Mangas/Monster/;Monster08;.jpg;No;Ivrea;Terminada;Terminada;9;9;Si;;;Si
Mangas/Monster/;Monster09;.jpg;No;Ivrea;Terminada;Terminada;9;9;Si;;;Si
Mangas/MonsterLarp/;MonsterLarp01;.jpg;Si;Larp;Cancelada;Terminada;12;18;No;;;Si
Mangas/MonsterLarp/;MonsterLarp02;.jpg;Si;Larp;Cancelada;Terminada;12;18;No;;;Si
Mangas/MonsterLarp/;MonsterLarp03;.jpg;Si;Larp;Cancelada;Terminada;12;18;No;;;Si
Mangas/MonsterLarp/;MonsterLarp04;.jpg;Si;Larp;Cancelada;Terminada;12;18;No;;;Si
Mangas/MonsterLarp/;MonsterLarp05;.jpg;Si;Larp;Cancelada;Terminada;12;18;No;;;Si
Mangas/MonsterLarp/;MonsterLarp06;.jpg;Si;Larp;Cancelada;Terminada;12;18;No;;;Si
Mangas/MonsterLarp/;MonsterLarp07;.jpg;Si;Larp;Cancelada;Terminada;12;18;No;;;Si
Mangas/MonsterLarp/;MonsterLarp08;.jpg;Si;Larp;Cancelada;Terminada;12;18;No;;;Si
Mangas/MonsterLarp/;MonsterLarp09;.jpg;Si;Larp;Cancelada;Terminada;12;18;No;;;Si
Mangas/MonsterLarp/;MonsterLarp10;.jpg;Si;Larp;Cancelada;Terminada;12;18;No;;;Si
Mangas/MonsterLarp/;MonsterLarp11;.jpg;Si;Larp;Cancelada;Terminada;12;18;No;;;Si
Mangas/MonsterLarp/;MonsterLarp12;.jpg;Si;Larp;Cancelada;Terminada;12;18;No;;;Si
Mangas/Mx0/;Mx0-01;.jpg;Si;Ivrea;Terminada;Terminada;10;10;No;;;Si
Mangas/Mx0/;Mx0-02;.jpg;No;Ivrea;Terminada;Terminada;10;10;No;;;Si
Mangas/Mx0/;Mx0-03;.jpg;No;Ivrea;Terminada;Terminada;10;10;No;;;Si
Mangas/Mx0/;Mx0-04;.jpg;No;Ivrea;Terminada;Terminada;10;10;No;;;Si
Mangas/Mx0/;Mx0-05;.jpg;No;Ivrea;Terminada;Terminada;10;10;No;;;Si
Mangas/Mx0/;Mx0-06;.jpg;No;Ivrea;Terminada;Terminada;10;10;No;;;Si
Mangas/Mx0/;Mx0-07;.jpg;No;Ivrea;Terminada;Terminada;10;10;No;;;Si
Mangas/Mx0/;Mx0-08;.jpg;No;Ivrea;Terminada;Terminada;10;10;No;;;Si
Mangas/Mx0/;Mx0-09;.jpg;No;Ivrea;Terminada;Terminada;10;10;No;;;Si
Mangas/Mx0/;Mx0-10;.jpg;No;Ivrea;Terminada;Terminada;10;10;No;;;Si
Mangas/TomosUnicos/;MyCapricornFriend;.jpg;Si;Ivrea;TomoUnico;TomoUnico;1;1;No;;;No
Mangas/TomosUnicos/;NijigaharaHolograph;.jpg;Si;Ivrea;TomoUnico;TomoUnico;1;1;No;;;No
Mangas/OnePiece/;OnePiece01;.jpg;Si;Ivrea;En curso;En curso;85;108;Si;;;Si
Mangas/OnePiece/;OnePiece02;.jpg;Si;Ivrea;En curso;En curso;85;108;Si;;;Si
Mangas/OnePiece/;OnePiece03;.jpg;Si;Ivrea;En curso;En curso;85;108;Si;;;Si
Mangas/OnePiece/;OnePiece04;.jpg;Si;Ivrea;En curso;En curso;85;108;Si;;;Si
Mangas/OnePiece/;OnePiece05;.jpg;Si;Ivrea;En curso;En curso;85;108;Si;;;Si
Mangas/OnePiece/;OnePiece06;.jpg;Si;Ivrea;En curso;En curso;85;108;Si;;;Si
Mangas/OnePiece/;OnePiece07;.jpg;Si;Ivrea;En curso;En curso;85;108;Si;;;Si
Mangas/OnePiece/;OnePiece08;.jpg;Si;Ivrea;En curso;En curso;85;108;Si;;;Si
Mangas/OnePiece/;OnePiece09;.jpg;Si;Ivrea;En curso;En curso;85;108;Si;;;Si
Mangas/OnePiece/;OnePiece10;.jpg;Si;Ivrea;En curso;En curso;85;108;Si;;;Si
Mangas/OnePiece/;OnePiece11;.jpg;Si;Ivrea;En curso;En curso;85;108;Si;;;Si
Mangas/OnePiece/;OnePiece12;.jpg;Si;Ivrea;En curso;En curso;85;108;Si;;;Si
Mangas/OnePiece/;OnePiece13;.jpg;Si;Ivrea;En curso;En curso;85;108;Si;;;Si
Mangas/OnePiece/;OnePiece14;.jpg;Si;Ivrea;En curso;En curso;85;108;Si;;;Si
Mangas/OnePiece/;OnePiece15;.jpg;Si;Ivrea;En curso;En curso;85;108;Si;;;Si
Mangas/OnePiece/;OnePiece16;.jpg;Si;Ivrea;En curso;En curso;85;108;Si;;;Si
Mangas/OnePiece/;OnePiece17;.jpg;Si;Ivrea;En curso;En curso;85;108;Si;;;Si
Mangas/OnePiece/;OnePiece18;.jpg;Si;Ivrea;En curso;En curso;85;108;Si;;;Si
Mangas/OnePiece/;OnePiece19;.jpg;Si;Ivrea;En curso;En curso;85;108;Si;;;Si
Mangas/OnePiece/;OnePiece20;.jpg;Si;Ivrea;En curso;En curso;85;108;Si;;;Si
Mangas/OnePiece/;OnePiece21;.jpg;Si;Ivrea;En curso;En curso;85;108;Si;;;Si
Mangas/OnePiece/;OnePiece22;.jpg;Si;Ivrea;En curso;En curso;85;108;Si;;;Si
Mangas/OnePiece/;OnePiece23;.jpg;Si;Ivrea;En curso;En curso;85;108;Si;;;Si
Mangas/OnePiece/;OnePiece24;.jpg;Si;Ivrea;En curso;En curso;85;108;Si;;;Si
Mangas/OnePiece/;OnePiece25;.jpg;Si;Ivrea;En curso;En curso;85;108;Si;;;Si
Mangas/OnePiece/;OnePiece26;.jpg;Si;Ivrea;En curso;En curso;85;108;Si;;;Si
Mangas/OnePiece/;OnePiece27;.jpg;Si;Ivrea;En curso;En curso;85;108;Si;;;Si
Mangas/OnePiece/;OnePiece28;.jpg;Si;Ivrea;En curso;En curso;85;108;Si;;;Si
Mangas/OnePiece/;OnePiece29;.jpg;Si;Ivrea;En curso;En curso;85;108;Si;;;Si
Mangas/OnePiece/;OnePiece30;.jpg;Si;Ivrea;En curso;En curso;85;108;Si;;;Si
Mangas/OnePiece/;OnePiece31;.jpg;Si;Ivrea;En curso;En curso;85;108;Si;;;Si
Mangas/OnePiece/;OnePiece32;.jpg;Si;Ivrea;En curso;En curso;85;108;Si;;;Si
Mangas/OnePiece/;OnePiece33;.jpg;Si;Ivrea;En curso;En curso;85;108;Si;;;Si
Mangas/OnePiece/;OnePiece34;.jpg;Si;Ivrea;En curso;En curso;85;108;Si;;;Si
Mangas/OnePiece/;OnePiece35;.jpg;Si;Ivrea;En curso;En curso;85;108;Si;;;Si
Mangas/OnePiece/;OnePiece36;.jpg;Si;Ivrea;En curso;En curso;85;108;Si;;;Si
Mangas/OnePiece/;OnePiece37;.jpg;Si;Ivrea;En curso;En curso;85;108;Si;;;Si
Mangas/OnePiece/;OnePiece38;.jpg;Si;Ivrea;En curso;En curso;85;108;Si;;;Si
Mangas/OnePiece/;OnePiece39;.jpg;Si;Ivrea;En curso;En curso;85;108;Si;;;Si
Mangas/OnePiece/;OnePiece40;.jpg;Si;Ivrea;En curso;En curso;85;108;Si;;;Si
Mangas/OnePiece/;OnePiece41;.jpg;Si;Ivrea;En curso;En curso;85;108;Si;;;Si
Mangas/OnePiece/;OnePiece42;.jpg;Si;Ivrea;En curso;En curso;85;108;Si;;;Si
Mangas/OnePiece/;OnePiece43;.jpg;Si;Ivrea;En curso;En curso;85;108;Si;;;Si
Mangas/OnePiece/;OnePiece44;.jpg;Si;Ivrea;En curso;En curso;85;108;Si;;;Si
Mangas/OnePiece/;OnePiece45;.jpg;Si;Ivrea;En curso;En curso;85;108;Si;;;Si
Mangas/OnePiece/;OnePiece46;.jpg;Si;Ivrea;En curso;En curso;85;108;Si;;;Si
Mangas/OnePiece/;OnePiece47;.jpg;Si;Ivrea;En curso;En curso;85;108;Si;;;Si
Mangas/OnePiece/;OnePiece48;.jpg;Si;Ivrea;En curso;En curso;85;108;Si;;;Si
Mangas/OnePiece/;OnePiece49;.jpg;Si;Ivrea;En curso;En curso;85;108;Si;;;Si
Mangas/OnePiece/;OnePiece50;.jpg;Si;Ivrea;En curso;En curso;85;108;Si;;;Si
Mangas/OnePiece/;OnePiece51;.jpg;Si;Ivrea;En curso;En curso;85;108;Si;;;Si
Mangas/OnePiece/;OnePiece52;.jpg;Si;Ivrea;En curso;En curso;85;108;Si;;;Si
Mangas/OnePiece/;OnePiece53;.jpg;Si;Ivrea;En curso;En curso;85;108;Si;;;Si
Mangas/OnePiece/;OnePiece54;.jpg;Si;Ivrea;En curso;En curso;85;108;Si;;;Si
Mangas/OnePiece/;OnePiece55;.jpg;Si;Ivrea;En curso;En curso;85;108;Si;;;Si
Mangas/OnePiece/;OnePiece56;.jpg;Si;Ivrea;En curso;En curso;85;108;Si;;;Si
Mangas/OnePiece/;OnePiece57;.jpg;Si;Ivrea;En curso;En curso;85;108;Si;;;Si
Mangas/OnePiece/;OnePiece58;.jpg;Si;Ivrea;En curso;En curso;85;108;Si;;;Si
Mangas/OnePiece/;OnePiece59;.jpg;Si;Ivrea;En curso;En curso;85;108;Si;;;Si
Mangas/OnePiece/;OnePiece60;.jpg;Si;Ivrea;En curso;En curso;85;108;Si;;;Si
Mangas/OnePiece/;OnePiece61;.jpg;Si;Ivrea;En curso;En curso;85;108;Si;;;Si
Mangas/OnePiece/;OnePiece62;.jpg;Si;Ivrea;En curso;En curso;85;108;Si;;;Si
Mangas/OnePiece/;OnePiece63;.jpg;Si;Ivrea;En curso;En curso;85;108;Si;;;Si
Mangas/OnePiece/;OnePiece64;.jpg;Si;Ivrea;En curso;En curso;85;108;Si;;;Si
Mangas/OnePiece/;OnePiece65;.jpg;Si;Ivrea;En curso;En curso;85;108;Si;;;Si
Mangas/OnePiece/;OnePiece66;.jpg;Si;Ivrea;En curso;En curso;85;108;Si;;;Si
Mangas/OnePiece/;OnePiece67;.jpg;Si;Ivrea;En curso;En curso;85;108;Si;;;Si
Mangas/OnePiece/;OnePiece68;.jpg;Si;Ivrea;En curso;En curso;85;108;Si;;;Si
Mangas/OnePiece/;OnePiece69;.jpg;Si;Ivrea;En curso;En curso;85;108;Si;;;Si
Mangas/OnePiece/;OnePiece70;.jpg;Si;Ivrea;En curso;En curso;85;108;Si;;;Si
Mangas/OnePiece/;OnePiece71;.jpg;Si;Ivrea;En curso;En curso;85;108;Si;;;Si
Mangas/OnePiece/;OnePiece72;.jpg;Si;Ivrea;En curso;En curso;85;108;Si;;;Si
Mangas/OnePiece/;OnePiece73;.jpg;Si;Ivrea;En curso;En curso;85;108;Si;;;Si
Mangas/OnePiece/;OnePiece74;.jpg;Si;Ivrea;En curso;En curso;85;108;Si;;;Si
Mangas/OnePiece/;OnePiece75;.jpg;Si;Ivrea;En curso;En curso;85;108;Si;;;Si
Mangas/OnePiece/;OnePiece76;.jpg;Si;Ivrea;En curso;En curso;85;108;Si;;;Si
Mangas/OnePiece/;OnePiece77;.jpg;Si;Ivrea;En curso;En curso;85;108;Si;;;Si
Mangas/OnePiece/;OnePiece78;.jpg;Si;Ivrea;En curso;En curso;85;108;Si;;;Si
Mangas/OnePiece/;OnePiece79;.jpg;Si;Ivrea;En curso;En curso;85;108;Si;;;Si
Mangas/OnePiece/;OnePiece80;.jpg;Si;Ivrea;En curso;En curso;85;108;Si;17/05/2024;5900ARS;Si
Mangas/OnePiece/;OnePiece81;.jpg;Si;Ivrea;En curso;En curso;85;108;Si;15/06/2024;;Si
Mangas/OnePiece/;OnePiece82;.jpg;Si;Ivrea;En curso;En curso;85;108;Si;03/08/2024;3800ARS;Si
Mangas/OnePiece/;OnePiece85;.jpg;Si;Ivrea;En curso;En curso;85;108;Si;03/08/2024;3800ARS;Si
Mangas/OyasumiPunpun/;OyasumiPunpun01;.jpg;Si;Ivrea;Terminada;Terminada;13;13;No;;;Si
Mangas/OyasumiPunpun/;OyasumiPunpun02;.jpg;Si;Ivrea;Terminada;Terminada;13;13;No;;;Si
Mangas/OyasumiPunpun/;OyasumiPunpun03;.jpg;Si;Ivrea;Terminada;Terminada;13;13;No;;;Si
Mangas/OyasumiPunpun/;OyasumiPunpun04;.jpg;Si;Ivrea;Terminada;Terminada;13;13;No;;;Si
Mangas/OyasumiPunpun/;OyasumiPunpun05;.jpg;Si;Ivrea;Terminada;Terminada;13;13;No;;;Si
Mangas/OyasumiPunpun/;OyasumiPunpun06;.jpg;Si;Ivrea;Terminada;Terminada;13;13;No;;;Si
Mangas/OyasumiPunpun/;OyasumiPunpun07;.jpg;Si;Ivrea;Terminada;Terminada;13;13;No;;;Si
Mangas/OyasumiPunpun/;OyasumiPunpun08;.jpg;Si;Ivrea;Terminada;Terminada;13;13;No;;;Si
Mangas/OyasumiPunpun/;OyasumiPunpun09;.jpg;Si;Ivrea;Terminada;Terminada;13;13;No;;;Si
Mangas/OyasumiPunpun/;OyasumiPunpun10;.jpg;Si;Ivrea;Terminada;Terminada;13;13;No;;;Si
Mangas/OyasumiPunpun/;OyasumiPunpun11;.jpg;Si;Ivrea;Terminada;Terminada;13;13;No;;;Si
Mangas/OyasumiPunpun/;OyasumiPunpun12;.jpg;Si;Ivrea;Terminada;Terminada;13;13;No;;;Si
Mangas/OyasumiPunpun/;OyasumiPunpun13;.jpg;Si;Ivrea;Terminada;Terminada;13;13;No;;;Si
Mangas/TomosUnicos/;Reiraku;.jpg;Si;Ivrea;TomoUnico;TomoUnico;1;1;No;;;No
Mangas/RoosterFighter/;RoosterFighter01;.jpg;Si;Ivrea;En curso;En curso;6;7;Si;;;Si
Mangas/RoosterFighter/;RoosterFighter02;.jpg;Si;Ivrea;En curso;En curso;6;7;Si;;;Si
Mangas/RoosterFighter/;RoosterFighter03;.jpg;Si;Ivrea;En curso;En curso;6;7;Si;;;Si
Mangas/RoosterFighter/;RoosterFighter04;.jpg;No;Ivrea;En curso;En curso;6;7;Si;;;Si
Mangas/RoosterFighter/;RoosterFighter05;.jpg;No;Ivrea;En curso;En curso;6;7;Si;;;Si
Mangas/RoosterFighter/;RoosterFighter06;.jpg;No;Ivrea;En curso;En curso;6;7;Si;;;Si
Mangas/alternativas/;RoosterFighterGauchoEdition_alt;.jpg;Si;Ivrea;En curso;En curso;1;1;No;;;No
Mangas/TomosUnicos/;Solanin;.jpg;Si;Ivrea;TomoUnico;TomoUnico;1;1;No;;;No
Mangas/SteinsGate/;SteinsGate01;.jpg;Si;Ivrea;Terminada;Terminada;3;3;No;;;Si
Mangas/SteinsGate/;SteinsGate02;.jpg;Si;Ivrea;Terminada;Terminada;3;3;No;;;Si
Mangas/SteinsGate/;SteinsGate03;.jpg;Si;Ivrea;Terminada;Terminada;3;3;No;;;Si
Mangas/YouAreInTheBlueSummer/;TheBlueSummerAndYou;.jpg;Si;Ivrea;TomoUnico;TomoUnico;1;1;No;;;Si
Mangas/VampireKnight/;VampireKnight01;.jpg;Si;Larp;Cancelada;Terminada;10;19;No;;;Si
Mangas/VampireKnight/;VampireKnight02;.jpg;No;Larp;Cancelada;Terminada;10;19;No;;;Si
Mangas/VampireKnight/;VampireKnight03;.jpg;No;Larp;Cancelada;Terminada;10;19;No;;;Si
Mangas/VampireKnight/;VampireKnight04;.jpg;No;Larp;Cancelada;Terminada;10;19;No;;;Si
Mangas/VampireKnight/;VampireKnight05;.jpg;No;Larp;Cancelada;Terminada;10;19;No;;;Si
Mangas/VampireKnight/;VampireKnight06;.jpg;No;Larp;Cancelada;Terminada;10;19;No;;;Si
Mangas/VampireKnight/;VampireKnight07;.jpg;No;Larp;Cancelada;Terminada;10;19;No;;;Si
Mangas/VampireKnight/;VampireKnight08;.jpg;No;Larp;Cancelada;Terminada;10;19;No;;;Si
Mangas/VampireKnight/;VampireKnight09;.jpg;No;Larp;Cancelada;Terminada;10;19;No;;;Si
Mangas/VampireKnight/;VampireKnight10;.jpg;No;Larp;Cancelada;Terminada;10;19;No;;;Si
Mangas/alternativas/;Wanted_alt;.jpg;Si;Ivrea;TomoUnico;TomoUnico;1;1;No;;;No
Mangas/Wotakoi/;Wotakoi01;.jpg;Si;PaniniManga;Terminada;Terminada;11;11;Si;;;Si
Mangas/Wotakoi/;Wotakoi02;.jpg;Si;PaniniManga;Terminada;Terminada;11;11;Si;;;Si
Mangas/Wotakoi/;Wotakoi03;.jpg;Si;PaniniManga;Terminada;Terminada;11;11;Si;;;Si
Mangas/Wotakoi/;Wotakoi04;.jpg;No;PaniniManga;Terminada;Terminada;11;11;Si;;;Si
Mangas/Wotakoi/;Wotakoi05;.jpg;No;PaniniManga;Terminada;Terminada;11;11;Si;;;Si
Mangas/Wotakoi/;Wotakoi06;.jpg;No;PaniniManga;Terminada;Terminada;11;11;Si;;;Si
Mangas/Wotakoi/;Wotakoi07;.jpg;No;PaniniManga;Terminada;Terminada;11;11;Si;;;Si
Mangas/Wotakoi/;Wotakoi08;.jpg;No;PaniniManga;Terminada;Terminada;11;11;Si;;;Si
Mangas/Wotakoi/;Wotakoi09;.jpg;No;PaniniManga;Terminada;Terminada;11;11;Si;;;Si
Mangas/Wotakoi/;Wotakoi10;.jpg;Si;PaniniManga;Terminada;Terminada;11;11;Si;;;Si
Mangas/alternativas/;Wotakoi10_alt;.jpg;Si;PaniniManga;Terminada;Terminada;11;11;No;;;Si
Mangas/Wotakoi/;Wotakoi10_alt;.jpg;Si;PaniniManga;Terminada;Terminada;11;11;No;;;Si
Mangas/Wotakoi/;Wotakoi11;.jpg;No;PaniniManga;Terminada;Terminada;11;11;Si;;;Si
Mangas/alternativas/;Wotakoi11_alt;.jpg;Si;PaniniManga;Terminada;Terminada;11;11;No;;;Si
Mangas/Wotakoi/;Wotakoi11_alt;.jpg;Si;PaniniManga;Terminada;Terminada;11;11;No;;;Si
Mangas/YouAreInTheBlueSummer/;YouAreInTheBlueSummer;.jpg;Si;Ivrea;TomoUnico;TomoUnico;1;1;No;;;Si
Mangas/OnePiece/;OnePiece84;.jpg;Si;Ivrea;En curso;En curso;85;108;No;;;Si
Mangas/OnePiece/;OnePiece85;.jpg;Si;Ivrea;En curso;En curso;85;108;No;;;Si
